year,month,bpgv,bpgv_ewma,bpgv_percentile,yield_curve_spread,ewma_slope,regime_score,permit_growth,strong_risk_on,bpg_sfh,bpgv_sfh,bpgv_garch,bpgv_garch_percentile,garch_converged,garch_alpha,garch_beta
2001,6,0.051337,0.048639,66.666667,1.170000,0.001079,0.366667,-0.020975,0,0.009631,0.023124,0.030309,16.666667,1.000000,0.053658,0.941223
2001,7,0.051513,0.049460,69.230769,1.280000,0.000821,0.392308,-0.010082,0,-0.013671,0.023710,0.029103,5.263158,1.000000,0.052595,0.943490
2001,8,0.050633,0.049795,50.000000,1.210000,0.000335,0.200000,-0.007002,0,0.004847,0.023393,0.028194,5.000000,1.000000,0.051694,0.945302
2001,9,0.050352,0.049955,46.666667,1.740000,0.000159,0.016667,-0.020513,0,-0.040285,0.026497,0.026865,4.761905,1.000000,0.050615,0.947526
2001,10,0.051147,0.050295,62.500000,1.860000,0.000341,0.175000,-0.035995,0,-0.005890,0.024916,0.028917,13.636364,1.000000,0.051688,0.945007
2001,11,0.056428,0.052048,100.000000,1.940000,0.001752,0.550000,0.082824,0,0.036458,0.027048,0.027723,8.695652,1.000000,0.050613,0.947068
2001,12,0.054742,0.052817,88.888889,2.000000,0.000770,0.438889,0.036991,0,0.017742,0.026203,0.028735,16.666667,1.000000,0.051402,0.945641
2002,1,0.035938,0.047995,36.842105,1.910000,-0.004823,-0.481579,0.031439,1,0.026815,0.021495,0.027971,12.000000,1.000000,0.050778,0.946882
2002,2,0.035552,0.044440,35.000000,1.820000,-0.003555,-0.500000,0.026964,1,0.086428,0.032123,0.027876,11.538462,1.000000,0.050712,0.947095
2002,3,0.040729,0.043380,42.857143,1.700000,-0.001060,-0.421429,-0.069635,1,-0.083320,0.041851,0.037185,100.000000,1.000000,0.057347,0.933290
2002,4,0.039830,0.042365,40.909091,1.870000,-0.001014,-0.440909,0.000613,1,-0.003108,0.041497,0.043728,100.000000,1.000000,0.062746,0.923740
2002,5,0.040128,0.041726,43.478261,1.860000,-0.000639,-0.415217,0.027590,1,0.003108,0.041154,0.042154,96.551724,1.000000,0.060961,0.926513
2002,6,0.039536,0.041100,37.500000,1.960000,-0.000626,-0.475000,0.017900,1,0.019209,0.041381,0.040714,93.333333,1.000000,0.059414,0.928974
2002,7,0.039202,0.040558,36.000000,2.280000,-0.000542,-0.490000,0.003517,1,-0.005341,0.041126,0.039692,90.322581,1.000000,0.058375,0.930678
2002,8,0.040165,0.040446,50.000000,2.000000,-0.000112,-0.350000,-0.025117,1,0.007622,0.041135,0.038504,87.500000,1.000000,0.057187,0.932635
2002,9,0.040176,0.040369,51.851852,1.910000,-0.000077,-0.331481,0.038346,1,0.036530,0.039395,0.037381,84.848485,1.000000,0.056167,0.934371
2002,10,0.037318,0.039497,32.142857,2.250000,-0.000872,-0.528571,0.017311,1,0.011645,0.039021,0.037458,85.294118,1.000000,0.056164,0.934435
2002,11,0.031519,0.037218,17.241379,2.140000,-0.002280,-0.677586,-0.014180,1,0.000000,0.038428,0.036461,74.285714,1.000000,0.055339,0.935881
2002,12,0.037398,0.037269,36.666667,2.220000,0.000052,-0.083333,0.081703,0,0.019349,0.038461,0.035425,66.666667,1.000000,0.054514,0.937356
2003,1,0.041002,0.038336,61.290323,2.280000,0.001066,0.162903,-0.052660,0,0.004956,0.038103,0.034727,56.756757,1.000000,0.054019,0.938312
2003,2,0.040597,0.038982,56.250000,2.180000,0.000646,0.112500,0.016844,0,-0.042560,0.031641,0.033763,50.000000,1.000000,0.053358,0.939575
2003,3,0.039965,0.039262,45.454545,2.320000,0.000281,0.004545,-0.065710,0,0.001473,0.018888,0.034863,58.974359,1.000000,0.053616,0.938917
2003,4,0.040178,0.039524,55.882353,2.380000,0.000262,0.108824,0.018913,0,0.023274,0.019461,0.033890,50.000000,1.000000,0.052906,0.940209
2003,5,0.041421,0.040066,65.714286,2.040000,0.000542,0.207143,0.045824,0,-0.001439,0.019579,0.033421,43.902439,1.000000,0.052626,0.940809
2003,6,0.041303,0.040419,63.888889,2.220000,0.000353,0.188889,0.011093,0,0.050537,0.023218,0.032507,38.095238,1.000000,0.052036,0.941945
2003,7,0.042201,0.040929,67.567568,2.690000,0.000509,0.225676,-0.023587,0,0.011569,0.022788,0.034064,55.813953,1.000000,0.052806,0.940473
2003,8,0.044825,0.042042,68.421053,2.500000,0.001113,0.234211,0.067978,0,0.028678,0.023371,0.033210,43.181818,1.000000,0.052247,0.941515
2003,9,0.044541,0.042756,66.666667,2.460000,0.000714,0.216667,-0.013677,0,0.007859,0.022064,0.033005,40.000000,1.000000,0.052132,0.941805
2003,10,0.046348,0.043782,70.000000,2.480000,0.001026,0.250000,0.052267,0,0.021298,0.022320,0.032120,34.782609,1.000000,0.051604,0.942825
2003,11,0.049779,0.045496,70.731707,2.280000,0.001713,0.257317,-0.055753,0,-0.034430,0.025732,0.031600,31.914894,1.000000,0.051346,0.943402
2003,12,0.044857,0.045313,66.666667,2.430000,-0.000182,-0.183333,0.032743,1,0.023515,0.025934,0.032203,37.500000,1.000000,0.051374,0.943212
2004,1,0.041410,0.044198,55.813953,2.320000,-0.001115,-0.291860,-0.002079,1,-0.006477,0.026259,0.031777,32.653061,1.000000,0.051149,0.943704
2004,2,0.041439,0.043410,59.090909,2.330000,-0.000788,-0.259091,-0.005729,1,0.016114,0.021174,0.030981,24.000000,1.000000,0.050653,0.944639
2004,3,0.035560,0.041167,20.000000,2.260000,-0.002243,-0.650000,0.035097,1,0.052316,0.023833,0.030317,23.529412,1.000000,0.050344,0.945313
2004,4,0.035526,0.039555,17.391304,2.220000,-0.001612,-0.676087,0.015182,1,-0.018990,0.025720,0.032184,40.384615,1.000000,0.051152,0.943696
2004,5,0.035487,0.038393,17.021277,2.120000,-0.001162,-0.679787,0.045364,1,0.035241,0.026084,0.031790,35.849057,1.000000,0.050771,0.944335
2004,6,0.045010,0.040283,70.833333,1.920000,0.001891,0.258333,-0.082499,0,-0.036478,0.027543,0.032016,38.888889,1.000000,0.050903,0.944172
2004,7,0.047982,0.042483,73.469388,1.820000,0.002200,0.284694,0.073805,0,0.003091,0.027562,0.032738,49.090909,1.000000,0.051046,0.943822
2004,8,0.048453,0.044189,74.000000,1.720000,0.001706,0.290000,-0.055179,0,-0.006813,0.026998,0.031833,35.714286,1.000000,0.050415,0.944880
2004,9,0.048586,0.045445,74.509804,1.510000,0.001256,0.295098,0.027152,0,-0.014398,0.027520,0.031053,24.561404,1.000000,0.049882,0.945790
2004,10,0.046432,0.045727,69.230769,1.490000,0.000282,0.392308,0.006484,0,0.004404,0.026915,0.030507,22.413793,1.000000,0.049489,0.946471
2004,11,0.042613,0.044837,58.490566,1.340000,-0.000890,-0.115094,0.004955,1,-0.013270,0.024975,0.029668,15.254237,1.000000,0.049043,0.947311
2004,12,0.041974,0.044019,55.555556,1.160000,-0.000818,-0.144444,-0.003452,1,0.025747,0.025148,0.029120,15.000000,1.000000,0.048713,0.947929
2005,1,0.044272,0.044091,60.000000,0.850000,0.000072,0.300000,0.054923,0,0.025101,0.025671,0.028919,13.333333,1.000000,0.048659,0.948119
2005,2,0.044495,0.044207,60.714286,0.770000,0.000115,0.307143,-0.011726,0,-0.014617,0.026100,0.028680,10.000000,1.000000,0.048591,0.948337
2005,3,0.045769,0.044653,68.421053,0.700000,0.000446,0.384211,-0.039867,0,-0.031155,0.022806,0.028215,10.000000,1.000000,0.048308,0.948867
2005,4,0.048782,0.045832,77.586207,0.550000,0.001180,0.475862,0.061789,0,0.045772,0.026218,0.028747,15.000000,1.000000,0.048333,0.948688
2005,5,0.048875,0.046702,77.966102,0.400000,0.000869,0.479661,-0.040037,0,-0.006064,0.024063,0.030062,26.666667,1.000000,0.048970,0.947569
2005,6,0.041734,0.045283,50.000000,0.280000,-0.001419,-0.200000,0.023763,1,0.023446,0.022311,0.029307,23.333333,1.000000,0.048460,0.948408
2005,7,0.037080,0.042939,20.000000,0.260000,-0.002344,-0.500000,0.028423,1,0.022908,0.023006,0.028968,20.000000,1.000000,0.048281,0.948758
2005,8,0.033214,0.040160,10.000000,0.180000,-0.002779,-0.600000,-0.021649,1,-0.003490,0.022869,0.028607,11.666667,1.000000,0.048113,0.949105
2005,9,0.033413,0.038233,10.000000,0.160000,-0.001928,-0.600000,0.030603,1,0.046679,0.024787,0.027840,5.000000,1.000000,0.047686,0.949862
2005,10,0.036089,0.037620,18.333333,0.170000,-0.000613,-0.516667,-0.039287,1,-0.031641,0.027610,0.029269,28.333333,1.000000,0.048337,0.948692
2005,11,0.036583,0.037324,18.333333,0.070000,-0.000296,-0.516667,0.024727,1,-0.006912,0.027235,0.029783,33.333333,1.000000,0.048433,0.948465
2005,12,0.038900,0.037774,23.333333,-0.020000,0.000450,0.083333,-0.040371,0,-0.040702,0.029918,0.029057,25.000000,1.000000,0.047911,0.949277
2006,1,0.041166,0.038743,43.333333,-0.010000,0.000969,0.283333,0.071567,0,0.016717,0.029434,0.030305,38.333333,1.000000,0.048374,0.948429
2006,2,0.041363,0.039492,46.666667,-0.140000,0.000748,0.316667,-0.016697,0,-0.027613,0.030317,0.029686,35.000000,1.000000,0.047942,0.949095
2006,3,0.041281,0.040003,45.000000,0.040000,0.000511,0.150000,-0.039009,0,-0.057624,0.033625,0.029836,38.333333,1.000000,0.047867,0.949166
2006,4,0.040394,0.040115,38.333333,0.200000,0.000112,0.083333,-0.057784,0,-0.036105,0.031383,0.032698,68.333333,1.000000,0.049272,0.946861
2006,5,0.039300,0.039882,26.666667,0.080000,-0.000233,-0.433333,-0.020781,1,-0.031231,0.032049,0.033188,71.666667,1.000000,0.049434,0.946610
2006,6,0.039165,0.039677,25.000000,-0.010000,-0.000205,-0.300000,-0.036232,1,-0.040104,0.031175,0.033302,73.333333,1.000000,0.049332,0.946724
2006,7,0.039026,0.039491,25.000000,0.020000,-0.000186,-0.450000,-0.053169,1,-0.063725,0.031436,0.034011,78.333333,1.000000,0.049650,0.946268
2006,8,0.039048,0.039364,26.666667,-0.050000,-0.000127,-0.283333,-0.023256,1,-0.019313,0.030871,0.036932,86.666667,1.000000,0.051595,0.943639
2006,9,0.036986,0.038685,18.333333,-0.070000,-0.000679,-0.366667,-0.048780,1,-0.051211,0.022098,0.036231,83.333333,1.000000,0.050844,0.944563
2006,10,0.037656,0.038391,25.000000,-0.100000,-0.000294,-0.300000,-0.051893,1,-0.035942,0.022118,0.037591,91.666667,1.000000,0.051683,0.943480
2006,11,0.034347,0.037235,6.666667,-0.160000,-0.001155,-0.483333,-0.030264,1,-0.010265,0.021780,0.037667,91.666667,1.000000,0.051551,0.943630
2006,12,0.044516,0.039315,78.333333,-0.110000,0.002080,0.633333,0.071049,0,0.029651,0.028098,0.036695,81.666667,1.000000,0.050658,0.944721
2007,1,0.034023,0.037803,6.666667,-0.110000,-0.001512,-0.483333,-0.026038,1,-0.020237,0.024658,0.036403,78.333333,1.000000,0.050413,0.945035
2007,2,0.033864,0.036678,6.666667,-0.090000,-0.001126,-0.483333,-0.024825,1,-0.032903,0.024653,0.035789,75.000000,1.000000,0.049841,0.945748
2007,3,0.036474,0.036620,18.333333,0.070000,-0.000058,-0.516667,0.020888,1,0.009637,0.025615,0.035782,75.000000,1.000000,0.049665,0.945958
2007,4,0.037499,0.036871,28.333333,0.030000,0.000251,-0.016667,-0.068414,0,-0.080770,0.030189,0.034912,73.333333,1.000000,0.049041,0.946757
2007,5,0.040688,0.037962,53.333333,-0.020000,0.001090,0.383333,0.030199,0,-0.015238,0.030427,0.039429,96.666667,1.000000,0.051356,0.943590
2007,6,0.041990,0.039112,70.000000,0.160000,0.001151,0.400000,-0.058628,0,-0.046154,0.030703,0.038517,96.666667,1.000000,0.050567,0.944526
2007,7,0.040825,0.039602,51.666667,0.220000,0.000489,0.216667,-0.016985,0,-0.017233,0.028656,0.039164,98.333333,1.000000,0.050821,0.944206
2007,8,0.042446,0.040414,71.666667,0.390000,0.000813,0.416667,-0.059035,0,-0.065493,0.030954,0.038329,95.000000,1.000000,0.050124,0.945032
2007,9,0.041840,0.040822,65.000000,0.620000,0.000407,0.350000,-0.035195,0,-0.068915,0.032541,0.040618,100.000000,1.000000,0.051357,0.943511
2007,10,0.042961,0.041433,73.333333,0.540000,0.000611,0.433333,-0.065821,0,-0.040578,0.032652,0.043056,100.000000,1.000000,0.052811,0.941811
2007,11,0.042936,0.041862,71.666667,0.930000,0.000429,0.416667,-0.013582,0,-0.032181,0.032063,0.043005,98.333333,1.000000,0.052620,0.942018
2007,12,0.034010,0.039619,6.666667,0.990000,-0.002243,-0.633333,-0.070568,1,-0.068993,0.027177,0.042507,96.666667,1.000000,0.052142,0.942554
2008,1,0.033966,0.038004,6.666667,1.500000,-0.001615,-0.633333,-0.029630,1,-0.042677,0.026462,0.044715,100.000000,1.000000,0.053385,0.941145
2008,2,0.034809,0.037091,13.333333,1.880000,-0.000913,-0.716667,-0.061069,1,-0.066885,0.027231,0.044666,98.333333,1.000000,0.053206,0.941340
2008,3,0.030270,0.035142,1.666667,1.830000,-0.001949,-0.833333,-0.056911,1,-0.047738,0.021209,0.046462,100.000000,1.000000,0.054190,0.940267
2008,4,0.040584,0.036697,43.333333,1.480000,0.001555,0.133333,0.058190,0,0.020297,0.026920,0.046604,100.000000,1.000000,0.054139,0.940323
2008,5,0.036878,0.036749,26.666667,1.400000,0.000052,-0.033333,-0.004073,0,-0.028215,0.026038,0.045508,96.666667,1.000000,0.053418,0.941088
2008,6,0.067068,0.045411,100.000000,1.360000,0.008663,0.700000,0.163599,0,-0.038903,0.026018,0.044717,95.000000,1.000000,0.052840,0.941707
2008,7,0.081564,0.055741,100.000000,1.470000,0.010329,0.700000,-0.176626,0,-0.050858,0.024961,0.044449,90.000000,1.000000,0.052558,0.942014
2008,8,0.082785,0.063468,100.000000,1.470000,0.007727,0.700000,-0.085379,0,-0.048095,0.024107,0.044902,95.000000,1.000000,0.052647,0.941921
2008,9,0.083216,0.069110,100.000000,1.850000,0.005642,0.550000,-0.060677,0,-0.035287,0.022710,0.045138,95.000000,1.000000,0.052626,0.941946
2008,10,0.086573,0.074100,100.000000,2.450000,0.004989,0.550000,-0.120497,0,-0.118256,0.032041,0.044661,86.666667,1.000000,0.052253,0.942345
2008,11,0.090143,0.078683,100.000000,1.930000,0.004584,0.550000,-0.131356,0,-0.107727,0.036136,0.052336,100.000000,1.000000,0.055820,0.938630
2008,12,0.091595,0.082372,100.000000,1.490000,0.003689,0.700000,-0.107317,0,-0.131502,0.042611,0.057846,100.000000,1.000000,0.058891,0.935599
2009,1,0.091533,0.084990,98.333333,1.930000,0.002617,0.533333,-0.032787,0,-0.078692,0.042703,0.066259,100.000000,1.000000,0.063604,0.931066
2009,2,0.097073,0.088442,100.000000,2.020000,0.003453,0.550000,0.062147,0,0.107989,0.064687,0.067292,100.000000,1.000000,0.064081,0.930620
2009,3,0.097833,0.091125,100.000000,1.900000,0.002683,0.550000,-0.085106,0,-0.056695,0.064756,0.071393,100.000000,1.000000,0.066266,0.928578
2009,4,0.092506,0.091520,96.666667,2.250000,0.000395,0.516667,-0.042636,0,0.048790,0.067900,0.070363,98.333333,1.000000,0.065722,0.929087
2009,5,0.096149,0.092842,96.666667,2.550000,0.001323,0.516667,0.048583,0,0.071459,0.075754,0.068988,96.666667,1.000000,0.065133,0.929609
2009,6,0.084577,0.090481,86.666667,2.420000,-0.002361,0.016667,0.100386,0,0.064385,0.081131,0.069191,96.666667,1.000000,0.065270,0.929480
2009,7,0.075545,0.086214,80.000000,2.390000,-0.004268,-0.050000,-0.010526,0,0.066989,0.085130,0.068860,93.333333,1.000000,0.065198,0.929520
2009,8,0.076297,0.083380,80.000000,2.430000,-0.002833,-0.050000,0.028369,0,0.002157,0.084753,0.068729,91.666667,1.000000,0.065202,0.929507
2009,9,0.075767,0.081205,78.333333,2.360000,-0.002175,-0.066667,-0.012069,0,-0.026202,0.084584,0.066277,88.333333,1.000000,0.064312,0.930222
2009,10,0.069859,0.077963,75.000000,2.510000,-0.003242,-0.100000,-0.038394,0,-0.006659,0.077839,0.064360,85.000000,1.000000,0.063656,0.930720
2009,11,0.064109,0.074005,71.666667,2.540000,-0.003958,-0.133333,0.068966,1,0.043580,0.071469,0.062214,83.333333,1.000000,0.063020,0.931156
2009,12,0.062046,0.070588,70.000000,2.710000,-0.003417,-0.150000,0.108659,1,0.073956,0.058176,0.061177,81.666667,1.000000,0.062816,0.931243
2010,1,0.063235,0.068487,70.000000,2.810000,-0.002101,-0.150000,-0.047473,1,-0.001982,0.049151,0.062109,81.666667,1.000000,0.063097,0.931055
2010,2,0.061593,0.066518,66.666667,2.800000,-0.001970,-0.183333,0.024116,1,0.019647,0.043019,0.060072,78.333333,1.000000,0.062639,0.931289
2010,3,0.055161,0.063273,65.000000,2.820000,-0.003245,-0.200000,0.067504,1,0.043775,0.034646,0.058333,76.666667,1.000000,0.062371,0.931339
2010,4,0.063900,0.063452,70.000000,2.720000,0.000179,0.250000,-0.102941,0,-0.099789,0.051208,0.057521,73.333333,1.000000,0.062331,0.931258
2010,5,0.066940,0.064449,71.666667,2.550000,0.000997,0.266667,-0.059016,0,-0.108566,0.060576,0.061278,80.000000,1.000000,0.062508,0.931623
2010,6,0.060913,0.063439,61.666667,2.360000,-0.001010,-0.233333,0.020906,1,-0.035009,0.058622,0.065549,85.000000,1.000000,0.063230,0.931409
2010,7,0.062527,0.063178,65.000000,2.390000,-0.000260,-0.200000,-0.046075,1,-0.036280,0.054986,0.063999,81.666667,1.000000,0.062771,0.931718
2010,8,0.062183,0.062894,63.333333,2.000000,-0.000284,-0.216667,0.017889,1,-0.012392,0.054831,0.062588,80.000000,1.000000,0.062393,0.931951
2010,9,0.063992,0.063208,68.333333,2.110000,0.000314,0.233333,-0.052724,0,0.009926,0.054982,0.060635,71.666667,1.000000,0.061989,0.932129
2010,10,0.063410,0.063265,65.000000,2.290000,0.000058,0.200000,0.024119,0,-0.002472,0.055012,0.058740,68.333333,1.000000,0.061696,0.932181
2010,11,0.059875,0.062297,53.333333,2.360000,-0.000969,-0.316667,-0.014493,1,0.031671,0.054081,0.056878,61.666667,1.000000,0.061515,0.932101
2010,12,0.071291,0.064866,75.000000,2.690000,0.002570,0.300000,0.167279,0,0.053689,0.051482,0.055655,60.000000,1.000000,0.061526,0.931892
2011,1,0.077540,0.068487,80.000000,2.840000,0.003621,0.350000,-0.113386,0,-0.044142,0.052208,0.055573,58.333333,1.000000,0.061613,0.931775
2011,2,0.077980,0.071199,80.000000,2.730000,0.002712,0.350000,-0.051510,0,-0.094598,0.055622,0.054992,56.666667,1.000000,0.061556,0.931734
2011,3,0.083041,0.074583,83.333333,2.670000,0.003383,0.383333,0.112360,0,0.055852,0.057060,0.058429,66.666667,1.000000,0.061318,0.932537
2011,4,0.078966,0.075835,78.333333,2.710000,0.001252,0.333333,-0.052189,0,-0.025001,0.051814,0.058310,63.333333,1.000000,0.061373,0.932455
2011,5,0.080472,0.077160,78.333333,2.600000,0.001325,0.333333,0.081705,0,0.027467,0.044373,0.056831,56.666667,1.000000,0.061171,0.932463
2011,6,0.080534,0.078124,78.333333,2.730000,0.000964,0.333333,0.024631,0,0.002460,0.043450,0.055481,51.666667,1.000000,0.061126,0.932311
2011,7,0.080012,0.078664,75.000000,2.460000,0.000540,0.300000,-0.036859,0,-0.009877,0.042254,0.053754,48.333333,1.000000,0.061115,0.932055
2011,8,0.080250,0.079117,75.000000,2.030000,0.000453,0.300000,0.031614,0,0.024511,0.042660,0.052141,45.000000,1.000000,0.061204,0.931688
2011,9,0.079541,0.079238,71.666667,1.670000,0.000121,0.266667,-0.041935,0,0.009639,0.042655,0.050884,43.333333,1.000000,0.061428,0.931222
2011,10,0.082287,0.080109,80.000000,1.920000,0.000871,0.350000,0.084175,0,0.026037,0.043148,0.049338,41.666667,1.000000,0.061765,0.930577
2011,11,0.082488,0.080789,80.000000,1.830000,0.000680,0.350000,0.057453,0,0.016223,0.042499,0.048223,40.000000,1.000000,0.062156,0.929934
2011,12,0.068708,0.077337,53.333333,1.640000,-0.003452,-0.316667,-0.002937,1,0.020479,0.039940,0.046851,38.333333,1.000000,0.062689,0.929083
2012,1,0.057293,0.071610,30.000000,1.610000,-0.005727,-0.550000,0.004418,1,0.013423,0.037436,0.045623,33.333333,1.000000,0.063300,0.928161
2012,2,0.053591,0.066462,26.666667,1.680000,-0.005148,-0.583333,0.051320,1,0.047731,0.022314,0.044240,18.333333,1.000000,0.064078,0.927021
2012,3,0.048175,0.061237,25.000000,1.900000,-0.005225,-0.600000,0.065551,1,-0.010650,0.020042,0.044595,20.000000,1.000000,0.064096,0.927035
2012,4,0.048384,0.057565,25.000000,1.680000,-0.003672,-0.600000,-0.053665,1,0.016986,0.016343,0.043239,15.000000,1.000000,0.064816,0.925981
2012,5,0.048069,0.054852,21.666667,1.320000,-0.002713,-0.483333,0.078838,1,0.039221,0.017449,0.042018,8.333333,1.000000,0.065676,0.924786
2012,6,0.049961,0.053455,25.000000,1.340000,-0.001397,-0.450000,-0.025641,1,-0.006091,0.018225,0.041932,6.666667,1.000000,0.065986,0.924391
2012,7,0.048638,0.052078,23.333333,1.280000,-0.001376,-0.466667,0.067105,1,0.039925,0.017545,0.040584,3.333333,1.000000,0.066901,0.923140
2012,8,0.049693,0.051397,23.333333,1.350000,-0.000682,-0.466667,-0.009864,1,0.001955,0.018189,0.040662,5.000000,1.000000,0.067130,0.922857
2012,9,0.050792,0.051224,25.000000,1.420000,-0.000173,-0.450000,0.108344,1,0.071594,0.023613,0.039315,1.666667,1.000000,0.068119,0.921558
2012,10,0.051225,0.051224,25.000000,1.420000,0.000000,-0.050000,-0.026966,0,0.021584,0.023597,0.042645,11.666667,1.000000,0.066103,0.924181
2012,11,0.050450,0.051003,21.666667,1.370000,-0.000221,-0.483333,0.038106,1,0.005324,0.024074,0.041657,6.666667,1.000000,0.066554,0.923557
2012,12,0.049914,0.050692,18.333333,1.530000,-0.000311,-0.666667,0.011123,1,0.014060,0.024177,0.040367,3.333333,1.000000,0.067119,0.922791
2013,1,0.049546,0.050364,15.000000,1.750000,-0.000327,-0.700000,0.017602,1,0.019015,0.024066,0.039244,1.666667,1.000000,0.067773,0.921953
2013,2,0.048944,0.049959,13.333333,1.640000,-0.000406,-0.716667,0.022703,1,0.027029,0.022737,0.038299,1.666667,1.000000,0.068455,0.921112
2013,3,0.050473,0.050105,21.666667,1.620000,0.000147,-0.233333,-0.041226,0,0.000000,0.021612,0.037734,1.666667,1.000000,0.069030,0.920421
2013,4,0.051885,0.050614,25.000000,1.480000,0.000508,-0.050000,0.108049,0,0.023065,0.021584,0.036549,1.666667,1.000000,0.069832,0.919487
2013,5,0.051088,0.050749,21.666667,1.860000,0.000135,-0.233333,-0.019900,0,0.009725,0.021041,0.035882,1.666667,1.000000,0.070550,0.918684
2013,6,0.055834,0.052202,30.000000,2.160000,0.001453,-0.150000,-0.068020,0,0.008032,0.019877,0.034817,1.666667,1.000000,0.071458,0.917697
2013,7,0.054124,0.052751,28.333333,2.290000,0.000549,-0.166667,0.039216,0,-0.025933,0.022787,0.033756,1.666667,1.000000,0.072447,0.916663
2013,8,0.055217,0.053456,31.666667,2.390000,0.000705,-0.133333,-0.029350,0,0.029128,0.022764,0.033687,1.666667,1.000000,0.072608,0.916530
2013,9,0.048359,0.051999,5.000000,2.310000,-0.001456,-0.800000,0.051836,1,-0.019324,0.017398,0.033552,1.666667,1.000000,0.073106,0.916022
2013,10,0.049189,0.051196,11.666667,2.260000,-0.000803,-0.733333,0.061602,1,0.008097,0.016963,0.033103,1.666667,1.000000,0.073462,0.915734
2013,11,0.049478,0.050705,13.333333,2.470000,-0.000491,-0.716667,-0.016441,1,0.033310,0.018398,0.032142,1.666667,1.000000,0.074264,0.915036
2013,12,0.050619,0.050681,25.000000,2.660000,-0.000025,-0.600000,-0.025565,1,-0.049570,0.025197,0.032443,3.333333,1.000000,0.074537,0.914746
2014,1,0.053614,0.051519,35.000000,2.330000,0.000838,-0.100000,-0.054490,0,-0.013202,0.025309,0.034767,11.666667,1.000000,0.073132,0.915939
2014,2,0.058216,0.053432,45.000000,2.330000,0.001914,0.000000,0.082177,0,-0.021831,0.024937,0.033991,11.666667,1.000000,0.073240,0.915994
2014,3,0.056772,0.054387,43.333333,2.290000,0.000954,-0.016667,-0.016765,0,0.015165,0.025402,0.033641,8.333333,1.000000,0.073247,0.916114
2014,4,0.050749,0.053347,26.666667,2.250000,-0.001039,-0.583333,0.062187,1,-0.001674,0.024316,0.032872,5.000000,1.000000,0.073556,0.915977
2014,5,0.052913,0.053223,35.000000,2.110000,-0.000124,-0.500000,-0.050992,1,0.029705,0.025853,0.031920,1.666667,1.000000,0.073878,0.915898
2014,6,0.049417,0.052136,13.333333,2.060000,-0.001087,-0.716667,-0.031841,1,0.030427,0.027306,0.031994,3.333333,1.000000,0.074159,0.915657
2014,7,0.053317,0.052473,38.333333,2.050000,0.000337,-0.066667,0.081192,0,0.009419,0.025988,0.032104,5.000000,1.000000,0.074419,0.915426
2014,8,0.054671,0.053101,45.000000,1.870000,0.000628,0.000000,-0.046578,0,-0.020522,0.025597,0.031221,1.666667,1.000000,0.074739,0.915384
2014,9,0.053349,0.053172,40.000000,1.940000,0.000071,-0.050000,0.027916,0,0.006359,0.024899,0.030984,1.666667,1.000000,0.074767,0.915527
2014,10,0.052158,0.052882,36.666667,1.850000,-0.000290,-0.483333,0.047527,1,0.014162,0.025092,0.030090,1.666667,1.000000,0.075125,0.915501
2014,11,0.052580,0.052796,38.333333,1.710000,-0.000086,-0.466667,-0.025926,1,-0.003130,0.023175,0.029406,1.666667,1.000000,0.075557,0.915373
2014,12,0.052277,0.052648,38.333333,1.500000,-0.000148,-0.316667,-0.019011,1,0.044452,0.020810,0.028563,1.666667,1.000000,0.075961,0.915365
2015,1,0.049101,0.051634,11.666667,1.210000,-0.001013,-0.583333,0.027132,1,-0.009036,0.020466,0.030412,6.666667,1.000000,0.075680,0.915100
2015,2,0.044882,0.049705,1.666667,1.370000,-0.001929,-0.683333,0.039623,1,-0.059207,0.027140,0.029673,5.000000,1.000000,0.075765,0.915360
2015,3,0.047974,0.049210,3.333333,1.380000,-0.000495,-0.666667,-0.054446,1,0.026922,0.027758,0.033837,31.666667,1.000000,0.074627,0.915211
2015,4,0.052583,0.050174,46.666667,1.470000,0.000964,0.166667,0.096929,0,0.039821,0.029303,0.033565,26.666667,1.000000,0.074614,0.915360
2015,5,0.054464,0.051400,58.333333,1.510000,0.001226,0.133333,0.093613,0,0.022273,0.028905,0.034284,36.666667,1.000000,0.074914,0.914941
2015,6,0.053607,0.052030,55.000000,1.710000,0.000631,0.100000,0.069600,0,0.016024,0.028202,0.033704,31.666667,1.000000,0.074786,0.915266
2015,7,0.072379,0.057844,81.666667,1.530000,0.005814,0.366667,-0.154824,0,-0.017493,0.029074,0.032894,23.333333,1.000000,0.074625,0.915685
2015,8,0.070388,0.061428,78.333333,1.470000,0.003584,0.483333,0.027434,0,0.027558,0.028537,0.032364,20.000000,1.000000,0.074393,0.916140
2015,9,0.072607,0.064622,81.666667,1.420000,0.003194,0.516667,-0.049957,0,-0.002865,0.028740,0.032208,20.000000,1.000000,0.074483,0.916163
2015,10,0.072870,0.066979,81.666667,1.410000,0.002357,0.516667,0.052584,0,0.025497,0.029134,0.031256,13.333333,1.000000,0.074327,0.916647
2015,11,0.076847,0.069798,81.666667,1.270000,0.002820,0.516667,0.104220,0,0.016644,0.028930,0.031037,11.666667,1.000000,0.074450,0.916667
2015,12,0.077964,0.072132,83.333333,1.210000,0.002333,0.533333,-0.039002,0,0.017724,0.027080,0.030375,8.333333,1.000000,0.074517,0.916872
2016,1,0.078743,0.074021,85.000000,1.180000,0.001889,0.550000,-0.022727,0,-0.016349,0.027592,0.029782,6.666667,1.000000,0.074643,0.917016
2016,2,0.078915,0.075419,85.000000,0.960000,0.001398,0.550000,-0.022425,0,0.010929,0.017709,0.029385,3.333333,1.000000,0.074580,0.917320
2016,3,0.080824,0.076963,96.666667,1.050000,0.001544,0.666667,-0.077315,0,-0.012304,0.018679,0.028599,3.333333,1.000000,0.074729,0.917531
2016,4,0.076618,0.076865,80.000000,1.060000,-0.000099,0.100000,0.040516,0,0.019074,0.016571,0.028058,1.666667,1.000000,0.074759,0.917816
2016,5,0.071037,0.075200,75.000000,0.970000,-0.001665,0.050000,0.005310,0,-0.013587,0.017162,0.027636,1.666667,1.000000,0.074995,0.917858
2016,6,0.067442,0.072983,71.666667,0.910000,-0.002216,0.016667,0.014965,1,0.009530,0.016915,0.027196,1.666667,1.000000,0.075033,0.918129
2016,7,0.049811,0.066363,25.000000,0.790000,-0.006621,-0.450000,-0.007806,1,-0.037271,0.020022,0.026431,1.666667,1.000000,0.075301,0.918298
2016,8,0.049186,0.061455,16.666667,0.780000,-0.004908,-0.533333,-0.004371,1,0.035915,0.021046,0.028201,8.333333,1.000000,0.074663,0.918349
2016,9,0.051018,0.058473,40.000000,0.830000,-0.002982,-0.300000,0.075505,1,0.002710,0.020932,0.029067,13.333333,1.000000,0.074899,0.917912
2016,10,0.049646,0.055951,25.000000,0.980000,-0.002522,-0.450000,0.028571,1,0.046274,0.023495,0.028157,8.333333,1.000000,0.074770,0.918444
2016,11,0.040762,0.051611,1.666667,1.260000,-0.004340,-0.683333,-0.038095,1,0.007722,0.023289,0.030171,25.000000,1.000000,0.075125,0.917463
2016,12,0.039236,0.048076,1.666667,1.250000,-0.003536,-0.683333,-0.001650,1,0.046345,0.025930,0.029251,16.666667,1.000000,0.074894,0.918050
2017,1,0.043247,0.046696,5.000000,1.260000,-0.001380,-0.650000,0.068595,1,-0.012315,0.025606,0.031073,35.000000,1.000000,0.075380,0.917070
2017,2,0.046718,0.046702,8.333333,1.140000,0.000006,-0.216667,-0.059551,0,0.030509,0.026381,0.030379,30.000000,1.000000,0.075025,0.917689
2017,3,0.040132,0.044825,3.333333,1.130000,-0.001877,-0.666667,0.041941,1,-0.006028,0.025953,0.030493,33.333333,1.000000,0.075141,0.917622
2017,4,0.041062,0.043750,6.666667,1.010000,-0.001075,-0.633333,-0.030781,1,-0.040721,0.029680,0.029624,21.666667,1.000000,0.074832,0.918244
2017,5,0.044208,0.043881,10.000000,0.930000,0.000131,-0.200000,-0.048860,0,-0.019072,0.030045,0.031309,45.000000,1.000000,0.074812,0.917872
2017,6,0.048647,0.045242,20.000000,0.930000,0.001362,-0.100000,0.073630,0,0.040257,0.031702,0.030919,36.666667,1.000000,0.074491,0.918362
2017,7,0.049092,0.046342,21.666667,0.960000,0.001100,-0.083333,-0.019139,0,0.001232,0.028506,0.031853,48.333333,1.000000,0.074872,0.917817
2017,8,0.050937,0.047655,46.666667,0.790000,0.001313,0.166667,0.056911,0,-0.014889,0.028252,0.030824,36.666667,1.000000,0.074452,0.918522
2017,9,0.050412,0.048443,38.333333,0.860000,0.000788,0.083333,-0.057692,0,0.028344,0.028874,0.030253,30.000000,1.000000,0.074154,0.919030
2017,10,0.054253,0.050103,70.000000,0.780000,0.001660,0.400000,0.074286,0,0.032280,0.027480,0.030223,30.000000,1.000000,0.074227,0.919035
2017,11,0.052933,0.050911,60.000000,0.640000,0.000809,0.300000,-0.013678,0,0.014019,0.027538,0.030479,38.333333,1.000000,0.074380,0.918889
2017,12,0.052893,0.051477,56.666667,0.510000,0.000566,0.266667,0.001541,0,0.021802,0.025276,0.029686,25.000000,1.000000,0.074223,0.919302
2018,1,0.051967,0.051617,48.333333,0.580000,0.000140,0.183333,0.059231,0,-0.004551,0.024853,0.029261,18.333333,1.000000,0.074219,0.919485
2018,2,0.050036,0.051165,33.333333,0.620000,-0.000452,-0.366667,-0.040668,1,0.013590,0.023854,0.028418,11.666667,1.000000,0.074041,0.919960
2018,3,0.050160,0.050878,35.000000,0.470000,-0.000287,-0.350000,0.043906,1,-0.043685,0.027681,0.027695,6.666667,1.000000,0.074054,0.920239
2018,4,0.049070,0.050361,20.000000,0.460000,-0.000517,-0.500000,-0.010877,1,0.014003,0.024226,0.030009,33.333333,1.000000,0.073767,0.919896
2018,5,0.048784,0.049911,20.000000,0.430000,-0.000451,-0.500000,-0.046188,1,-0.022262,0.024553,0.029242,20.000000,1.000000,0.073594,0.920320
2018,6,0.044612,0.048397,11.666667,0.330000,-0.001514,-0.583333,-0.006918,1,0.010607,0.022251,0.029197,20.000000,1.000000,0.073407,0.920593
2018,7,0.044053,0.047156,10.000000,0.290000,-0.001241,-0.600000,0.008514,1,0.023176,0.022877,0.028376,13.333333,1.000000,0.073253,0.921027
2018,8,0.044264,0.046330,13.333333,0.240000,-0.000826,-0.566667,-0.056792,1,-0.062631,0.029915,0.028115,10.000000,1.000000,0.073302,0.921129
2018,9,0.041924,0.045071,8.333333,0.240000,-0.001259,-0.616667,0.033360,1,0.040627,0.031084,0.033017,86.666667,1.000000,0.073377,0.919662
2018,10,0.035577,0.042358,1.666667,0.280000,-0.002712,-0.683333,-0.005512,1,-0.005872,0.029748,0.033737,93.333333,1.000000,0.073732,0.919221
2018,11,0.038088,0.041138,3.333333,0.210000,-0.001220,-0.666667,0.046714,1,-0.001179,0.029414,0.032700,81.666667,1.000000,0.073157,0.919988
2018,12,0.038088,0.040267,5.000000,0.210000,-0.000872,-0.650000,0.003026,1,-0.022660,0.029029,0.031659,70.000000,1.000000,0.072677,0.920679
2019,1,0.033971,0.038468,1.666667,0.180000,-0.001799,-0.683333,0.014329,1,-0.020720,0.029375,0.031443,70.000000,1.000000,0.072428,0.921019
2019,2,0.033546,0.037062,1.666667,0.210000,-0.001406,-0.683333,-0.036431,1,0.011023,0.029225,0.031118,65.000000,1.000000,0.072163,0.921395
2019,3,0.030743,0.035256,1.666667,0.140000,-0.001805,-0.683333,-0.020833,1,-0.015961,0.027044,0.030251,46.666667,1.000000,0.071918,0.921848
2019,4,0.031398,0.034154,3.333333,0.240000,-0.001102,-0.666667,0.016548,1,-0.027605,0.027149,0.029748,38.333333,1.000000,0.071673,0.922253
2019,5,0.028554,0.032554,1.666667,0.190000,-0.001600,-0.683333,0.006977,1,0.030077,0.028768,0.029999,41.666667,1.000000,0.071529,0.922408
2019,6,0.032245,0.032466,6.666667,0.250000,-0.000088,-0.633333,-0.051578,1,0.015922,0.029043,0.030122,46.666667,1.000000,0.071630,0.922329
2019,7,0.038424,0.034168,16.666667,0.130000,0.001702,-0.133333,0.068994,0,0.007264,0.028088,0.029449,33.333333,1.000000,0.071503,0.922639
2019,8,0.040113,0.035866,20.000000,0.000000,0.001698,-0.100000,0.082005,0,0.054004,0.026188,0.028585,20.000000,1.000000,0.071357,0.923024
2019,9,0.040883,0.037300,25.000000,0.050000,0.001433,-0.050000,-0.023860,0,0.006834,0.023761,0.031300,76.666667,1.000000,0.071812,0.921950
2019,10,0.042312,0.038732,30.000000,0.170000,0.001432,0.000000,0.050324,0,0.031287,0.024949,0.030345,56.666667,1.000000,0.071500,0.922465
2019,11,0.040961,0.039369,26.666667,0.170000,0.000637,-0.033333,0.008898,0,0.013115,0.024932,0.030484,63.333333,1.000000,0.071603,0.922377
2019,12,0.043107,0.040437,33.333333,0.340000,0.001068,0.033333,-0.036635,0,0.007572,0.023139,0.029684,36.666667,1.000000,0.071429,0.922740
2020,1,0.049742,0.043096,58.333333,0.180000,0.002659,0.283333,0.092254,0,0.061638,0.025487,0.028806,21.666667,1.000000,0.071283,0.923108
2020,2,0.052758,0.045856,71.666667,0.270000,0.002761,0.416667,-0.063830,0,0.018073,0.025437,0.032447,86.666667,1.000000,0.071826,0.921759
2020,3,0.057191,0.049095,80.000000,0.470000,0.003239,0.500000,-0.070248,0,-0.130551,0.049243,0.031694,81.666667,1.000000,0.071570,0.922151
2020,4,0.083325,0.058875,100.000000,0.440000,0.009780,0.700000,-0.204444,0,-0.276408,0.095721,0.048791,100.000000,1.000000,0.076073,0.914486
2020,5,0.093150,0.068668,100.000000,0.490000,0.009793,0.700000,0.132216,0,0.108942,0.101512,0.108745,100.000000,1.000000,0.115554,0.875231
2020,6,0.092239,0.075402,98.333333,0.500000,0.006735,0.683333,0.034539,0,0.118676,0.107751,0.108247,98.333333,1.000000,0.115523,0.875251
2020,7,0.103803,0.083517,100.000000,0.440000,0.008115,0.700000,0.178855,0,0.151085,0.116100,0.109098,100.000000,1.000000,0.115893,0.874925
2020,8,0.101712,0.088716,98.333333,0.580000,0.005199,0.683333,-0.004720,0,0.060564,0.116323,0.114689,100.000000,1.000000,0.117447,0.873651
2020,9,0.101930,0.092491,98.333333,0.560000,0.003776,0.683333,0.052168,0,0.075140,0.117592,0.108947,96.666667,1.000000,0.116258,0.874565
2020,10,0.101404,0.095038,95.000000,0.740000,0.002546,0.650000,-0.005795,0,0.008011,0.117580,0.104930,91.666667,1.000000,0.115532,0.875057
2020,11,0.102404,0.097142,98.333333,0.680000,0.002105,0.683333,0.058938,0,0.007947,0.117608,0.098197,90.000000,1.000000,0.114369,0.875765
2020,12,0.101476,0.098380,93.333333,0.800000,0.001238,0.633333,0.045260,0,0.075364,0.118708,0.092018,88.333333,1.000000,0.113473,0.876153
2021,1,0.102253,0.099487,96.666667,1.000000,0.001107,0.666667,0.103569,0,0.035260,0.118175,0.089808,86.666667,1.000000,0.113299,0.876115
2021,2,0.104303,0.100863,100.000000,1.300000,0.001376,0.700000,-0.088017,0,-0.102739,0.123475,0.084961,85.000000,1.000000,0.112875,0.876025
2021,3,0.100423,0.100737,86.666667,1.580000,-0.000126,0.016667,0.022674,0,0.046044,0.115334,0.087463,85.000000,1.000000,0.112948,0.876297
2021,4,0.071398,0.092355,80.000000,1.490000,-0.008383,0.100000,-0.014781,0,-0.044300,0.071020,0.083382,81.666667,1.000000,0.112666,0.876119
2021,5,0.068149,0.085439,78.333333,1.440000,-0.006916,0.083333,-0.028852,0,-0.012270,0.069706,0.079848,80.000000,1.000000,0.112491,0.875847
2021,6,0.071895,0.081569,80.000000,1.200000,-0.003870,0.100000,-0.050505,0,-0.064656,0.069766,0.075079,78.333333,1.000000,0.112454,0.875211
2021,7,0.052468,0.073255,66.666667,1.050000,-0.008314,-0.033333,0.020025,1,-0.014212,0.056508,0.074118,76.666667,1.000000,0.112438,0.875078
2021,8,0.054218,0.067816,71.666667,1.100000,-0.005439,0.016667,0.060123,1,0.005709,0.053835,0.069756,75.000000,1.000000,0.112645,0.874152
2021,9,0.059148,0.065339,75.000000,1.240000,-0.002477,0.050000,-0.080440,0,-0.012411,0.048592,0.065393,73.333333,1.000000,0.113160,0.872807
2021,10,0.059978,0.063807,75.000000,1.070000,-0.001532,0.050000,0.040277,0,0.031208,0.049651,0.061456,71.666667,1.000000,0.113922,0.871178
2021,11,0.058667,0.062339,71.666667,0.910000,-0.001469,0.016667,0.038717,1,0.029360,0.050500,0.058387,70.000000,1.000000,0.114841,0.869482
2021,12,0.062795,0.062469,75.000000,0.790000,0.000130,0.450000,0.090856,0,0.019696,0.044971,0.055424,68.333333,1.000000,0.115928,0.867572
2022,1,0.055451,0.060464,66.666667,0.610000,-0.002005,-0.033333,0.011746,1,0.072650,0.049252,0.052145,66.666667,1.000000,0.117346,0.865169
2022,2,0.048270,0.056980,38.333333,0.390000,-0.003484,-0.316667,-0.015831,1,-0.006617,0.038302,0.055071,66.666667,1.000000,0.116138,0.867228
2022,3,0.048048,0.054428,36.666667,0.040000,-0.002552,-0.333333,0.004290,1,-0.049330,0.038720,0.051746,63.333333,1.000000,0.117125,0.865386
2022,4,0.048642,0.052775,38.333333,0.190000,-0.001653,-0.316667,-0.026695,1,-0.033691,0.037821,0.052010,63.333333,1.000000,0.117012,0.865509
2022,5,0.052589,0.052722,56.666667,0.320000,-0.000053,-0.133333,-0.070214,1,-0.053717,0.040550,0.050534,60.000000,1.000000,0.117444,0.864663
2022,6,0.050067,0.051963,46.666667,0.060000,-0.000759,-0.233333,-0.005900,1,-0.083299,0.043254,0.051531,60.000000,1.000000,0.117102,0.865190
2022,7,0.049875,0.051366,43.333333,-0.220000,-0.000597,-0.116667,0.000000,1,-0.036866,0.044043,0.056992,68.333333,1.000000,0.115765,0.867721
2022,8,0.054614,0.052294,65.000000,-0.300000,0.000928,0.500000,-0.099703,0,-0.036050,0.044357,0.055310,65.000000,1.000000,0.115688,0.867518
2022,9,0.050777,0.051861,50.000000,-0.390000,-0.000434,-0.050000,0.030982,1,-0.030494,0.044632,0.053731,61.666667,1.000000,0.115653,0.867259
2022,10,0.049887,0.051297,45.000000,-0.410000,-0.000564,-0.100000,-0.033248,1,-0.036198,0.042511,0.051869,56.666667,1.000000,0.115687,0.866884
2022,11,0.056185,0.052693,66.666667,-0.700000,0.001397,0.666667,-0.112434,0,-0.074017,0.041987,0.050670,51.666667,1.000000,0.115730,0.866594
2022,12,0.044679,0.050404,33.333333,-0.530000,-0.002290,-0.066667,-0.008942,1,-0.067531,0.040308,0.054535,61.666667,1.000000,0.115208,0.867776
2023,1,0.044306,0.048662,31.666667,-0.690000,-0.001742,-0.083333,0.006767,1,-0.011019,0.023479,0.056665,66.666667,1.000000,0.115196,0.868079
2023,2,0.069565,0.054634,76.666667,-0.890000,0.005973,0.766667,0.157580,0,0.084932,0.043119,0.053554,56.666667,1.000000,0.114814,0.868074
2023,3,0.071673,0.059502,78.333333,-0.580000,0.004868,0.783333,-0.077419,0,0.041127,0.048118,0.057967,68.333333,1.000000,0.115136,0.868367
2023,4,0.071702,0.062988,78.333333,-0.600000,0.003486,0.783333,-0.009091,0,0.044186,0.052356,0.056190,63.333333,1.000000,0.114930,0.868366
2023,5,0.072377,0.065671,80.000000,-0.760000,0.002683,0.800000,0.052223,0,0.046785,0.054732,0.054862,56.666667,1.000000,0.114851,0.868254
2023,6,0.072754,0.067694,80.000000,-1.060000,0.002024,0.800000,-0.034205,0,0.027489,0.051054,0.053922,53.333333,1.000000,0.114852,0.868113
2023,7,0.072784,0.069148,80.000000,-0.910000,0.001454,0.800000,0.002083,0,0.008639,0.050069,0.051587,41.666667,1.000000,0.114780,0.867862
2023,8,0.070250,0.069463,68.333333,-0.760000,0.000315,0.683333,0.069300,0,0.020224,0.049029,0.048758,33.333333,1.000000,0.114835,0.867382
2023,9,0.071073,0.069923,68.333333,-0.440000,0.000460,0.533333,-0.046662,0,0.014645,0.047815,0.046500,31.666667,1.000000,0.115123,0.866703
2023,10,0.070626,0.070124,66.666667,-0.190000,0.000201,0.516667,0.018355,0,0.006211,0.045752,0.044206,30.000000,1.000000,0.115599,0.865810
2023,11,0.061779,0.067740,58.333333,-0.360000,-0.002384,0.033333,-0.025367,1,0.007198,0.037090,0.041902,28.333333,1.000000,0.116271,0.864686
2023,12,0.061630,0.065994,56.666667,-0.350000,-0.001746,0.016667,0.022603,1,0.023292,0.025322,0.039787,26.666667,1.000000,0.117146,0.863375
2024,1,0.061754,0.064783,56.666667,-0.280000,-0.001211,0.016667,-0.002679,1,0.021783,0.022566,0.038502,25.000000,1.000000,0.117981,0.862238
2024,2,0.041368,0.058093,15.000000,-0.390000,-0.006690,-0.400000,0.019476,1,0.009747,0.014629,0.037251,23.333333,1.000000,0.118871,0.861079
2024,3,0.035526,0.051645,6.666667,-0.390000,-0.006448,-0.483333,-0.033597,1,-0.047675,0.023921,0.035580,21.666667,1.000000,0.119982,0.859690
2024,4,0.035907,0.047148,6.666667,-0.350000,-0.004497,-0.483333,-0.018405,1,-0.006122,0.022761,0.038391,23.333333,1.000000,0.118570,0.861331
2024,5,0.033759,0.043323,3.333333,-0.380000,-0.003826,-0.516667,-0.037500,1,-0.029078,0.022457,0.036726,20.000000,1.000000,0.119006,0.860765
2024,6,0.035827,0.041181,5.000000,-0.350000,-0.002142,-0.500000,0.049062,1,-0.010593,0.021618,0.036778,20.000000,1.000000,0.119058,0.860686
2024,7,0.037173,0.040036,8.333333,-0.200000,-0.001145,-0.466667,-0.033012,1,0.002128,0.021505,0.035431,15.000000,1.000000,0.119430,0.860267
2024,8,0.033506,0.038170,1.666667,0.000000,-0.001866,-0.683333,0.045519,1,0.027255,0.022163,0.033913,13.333333,1.000000,0.119999,0.859695
2024,9,0.031910,0.036382,1.666667,0.150000,-0.001789,-0.683333,-0.030612,1,-0.004145,0.021816,0.033693,11.666667,1.000000,0.120429,0.859292
2024,10,0.031254,0.034917,1.666667,0.120000,-0.001465,-0.683333,-0.006316,1,0.005179,0.021791,0.032413,8.333333,1.000000,0.120984,0.858857
2024,11,0.034647,0.034840,8.333333,0.050000,-0.000077,-0.616667,0.054379,1,0.008230,0.021824,0.031176,5.000000,1.000000,0.121692,0.858339
2024,12,0.034135,0.034638,8.333333,0.330000,-0.000201,-0.616667,-0.007368,1,0.020285,0.021548,0.030100,3.333333,1.000000,0.122490,0.857806
2025,1,0.034126,0.034492,8.333333,0.360000,-0.000146,-0.616667,0.000675,1,0.000000,0.020411,0.029744,1.666667,1.000000,0.123124,0.857406
2025,2,0.033845,0.034307,8.333333,0.250000,-0.000185,-0.616667,-0.016183,1,0.002006,0.020124,0.028728,1.666667,1.000000,0.123902,0.857053
2025,3,0.032462,0.033780,5.000000,0.340000,-0.000527,-0.650000,0.005483,1,-0.025369,0.016250,0.027777,1.666667,1.000000,0.124750,0.856725
2025,4,0.033294,0.033641,6.666667,0.570000,-0.000139,-0.633333,-0.030675,1,-0.052755,0.022135,0.028792,5.000000,1.000000,0.124581,0.856888
2025,5,0.031863,0.033133,3.333333,0.520000,-0.000508,-0.666667,-0.019691,1,-0.026346,0.021875,0.034248,16.666667,1.000000,0.123007,0.856929
2025,6,0.028039,0.031678,1.666667,0.520000,-0.001455,-0.683333,-0.000717,1,-0.037398,0.023833,0.034308,18.333333,1.000000,0.122762,0.857301
2025,7,0.027588,0.030509,1.666667,0.430000,-0.001168,-0.683333,-0.027997,1,0.004608,0.023928,0.035708,23.333333,1.000000,0.122744,0.857192
2025,8,0.023214,0.028425,1.666667,0.640000,-0.002084,-0.683333,-0.017725,1,-0.013889,0.021466,0.034095,16.666667,1.000000,0.122172,0.858099
2025,9,0.029932,0.028855,6.666667,0.560000,0.000430,-0.233333,0.063910,0,0.025318,0.023756,0.033117,13.333333,1.000000,0.121830,0.858727
2025,10,0.029878,0.029148,6.666667,0.510000,0.000292,-0.233333,-0.002120,0,-0.004556,0.023447,0.032829,13.333333,1.000000,0.121808,0.858941
2025,11,0.024772,0.027897,3.333333,0.550000,-0.001250,-0.666667,-0.016997,1,0.022574,0.024700,0.031580,11.666667,1.000000,0.121596,0.859536
2025,12,0.028503,0.028070,8.333333,0.710000,0.000173,-0.216667,0.043228,0,-0.016883,0.023237,0.031237,11.666667,1.000000,0.121669,0.859707
2026,1,0.031679,0.029101,15.000000,0.740000,0.001031,-0.150000,-0.049724,0,-0.009122,0.023020,0.030794,10.000000,1.000000,0.121583,0.860081
2026,2,0.047375,0.034322,45.000000,0.590000,0.005221,0.150000,0.117733,0,0.063249,0.031419,0.029902,8.333333,1.000000,0.121541,0.860541
2026,3,0.057571,0.040965,68.333333,0.510000,0.006642,0.383333,-0.107932,0,-0.038361,0.032361,0.036203,36.666667,1.000000,0.121546,0.858891
2026,4,0.058951,0.046104,71.666667,0.520000,0.005139,0.416667,0.051020,0,-0.026034,0.029737,0.037396,43.333333,1.000000,0.121575,0.858780
